	E1_CONCEPT_ID	E2_CONCEPT_ID	E1_NAME	E1_DOMAIN	E2_NAME	E2_DOMAIN	AVG_NUMBER_OF_DAYS_BETWEEN_EVENTS	E1_E2_EVENTPERIOD_COUNT	EVENT_PAIR_PVALUE	EVENT_PAIR_PVALUE_SIGNIFICANT	EVENT_PAIR_EFFECT	EVENTPERIOD_COUNT_E1_OCCURS_FIRST	AVG_AGE_OF_EVENTPERIOD_E1_OCCURS_FIRST	EVENTPERIOD_COUNT_E2_OCCURS_FIRST	EVENTPERIOD_COUNT_E1_E2_OCCUR_ON_SAME_DAY	DIRECTIONAL_EVENT_PAIR_PVALUE	DIRECTIONAL_EVENT_PAIR_PVALUE_SIGNIFICANT	E1_COUNT	E2_COUNT	E2_COUNT_IN_CONTROL_GROUP	EVENTPERIOD_COUNT_HAVING_E2_RIGHT_AFTER_E1
1	B01	K02	Tuulerõuged	Condition	Hambasööbija	Condition	693	2963	7.91939622314739e-12	*	1.101229220413	2963	5.8153898076274	2262	2	1.55919362966738e-22	*	7227	26134	2691	NA
2	B34	A08	Täpsustamata paikme viirusnakkus	Condition	Soole viirus- ja muud täpsustatud nakkused	Condition	733	2141	3.6813955156758e-08	*	1.12199783088938	2141	16.0270901447922	1767	75	1.51182331332795e-09	*	35765	7788	1908	NA
3	B34	A09	Täpsustamata paikme viirusnakkus	Condition	Oletatavalt nakkusliku päritoluga kõhulahtisus ja gastroenteriit; Peensoole- või soolekatarr; Teisiti täpsustamata, hemorraagiline või septiline+koliit; Teisiti täpsustamata, hemorraagiline või septiline+enteriit; Teisit	Condition	782	2110	3.10816544169261e-07	*	1.11326101078658	2110	18.5374407582938	1703	84	3.77079313885428e-11	*	35765	8043	1895	NA
4	B35	L30	Dermatofütoos e nahaseenhaigustu[mu]s	Condition	Muud dermatiidid	Condition	799	1622	5.06438394427672e-35	*	1.35647086606211	1622	52.5271270036991	1388	519	4.06747802935636e-05	*	14580	16327	1196	NA
5	B37	B35	Kandidiaas	Condition	Dermatofütoos e nahaseenhaigustu[mu]s	Condition	892	1527	9.81969926336673e-18	*	1.24160085988949	1527	44.8271119842829	1308	119	2.77556936698383e-05	*	17505	14580	1230	NA
6	B37	D22	Kandidiaas	Condition	Melanotsüütneevused	Condition	1020	1868	1.66274656653388e-08	*	1.13172747511713	1868	36.5952890792291	1195	26	3.27590877454875e-34	*	17505	12097	1651	NA
7	B37	I84	Kandidiaas	Condition	Hemorroidid e päraku veenikomud	Condition	983	1491	7.58982484408043e-09	*	1.15503712053384	1491	43.3333333333333	1095	22	4.61795165560899e-15	*	17505	11216	1291	NA
8	B37	L23	Kandidiaas	Condition	Allergiline kontaktdermatiit	Condition	850	2097	6.34980228153492e-07	*	1.10656257684038	2097	36.5460181211254	1783	78	3.21810045341267e-07	*	17505	20939	1895	NA
9	B37	L30	Kandidiaas	Condition	Muud dermatiidid	Condition	922	1889	5.36553761943685e-11	*	1.15523680335533	1889	36.5267337215458	1172	73	5.71043915965313e-38	*	17505	16327	1635	NA
10	B37	N39	Kandidiaas	Condition	Kuseelundite muud haigusseisundid	Condition	986	1970	5.9277291319421e-07	*	1.11101667541309	1970	42.8776649746193	1253	74	2.93237891553182e-36	*	17505	16166	1773	NA
11	B37	O80	Kandidiaas	Condition	Iseeneslik e spontaanne üksiksünnitus	Condition	914	1919	2.20615728682789e-14	*	1.18292897562388	1919	30.3606044815008	669	0	4.94123228168356e-139	*	17505	5395	1622	NA
12	B37	Z32	Kandidiaas	Condition	Rasedusläbivaatus ja -testimine	Condition	984	1950	2.87659688087679e-08	*	1.12587800296449	1950	30.4394871794872	1515	78	1.43583959950017e-13	*	17505	7263	1732	NA
13	D50	O80	Rauavaegusaneemia	Condition	Iseeneslik e spontaanne üksiksünnitus	Condition	456	1575	1.32515113639165e-102	*	1.76551302650994	1575	29.8215873015873	450	3	5.07121750782316e-146	*	14654	5395	892	NA
14	E03	E06	Muu hüpotüreoos	Condition	Tür[e]oidiit e kilpnäärmepõletik	Condition	521	1509	0	*	4.14502754110449	1509	55.3147779986746	594	637	1.03918722728639e-69	*	7477	4893	364	NA
15	E03	E78	Muu hüpotüreoos	Condition	Lipoproteiiniainevahetuse häired ja muud lipideemiad	Condition	777	1512	2.26214712425776e-08	*	1.1380996573696	1512	62.5859788359788	1235	475	5.22802496917716e-07	*	7477	26109	1329	NA
16	E11	E66	Insuliinisõltumatu suhkurtõbi	Condition	Rasvumus	Condition	817	2227	3.16098539184642e-212	*	1.97594520270063	2227	64.0709474629546	1061	523	3.99075385046423e-81	*	11118	12516	1127	NA
17	E11	E78	Insuliinisõltumatu suhkurtõbi	Condition	Lipoproteiiniainevahetuse häired ja muud lipideemiad	Condition	719	2847	1.70983717724811e-14	*	1.13439679451684	2847	65.8563400070249	1814	882	3.09093365137958e-44	*	11118	26109	2510	NA
18	E11	H25	Insuliinisõltumatu suhkurtõbi	Condition	Seniilkatarakt e raukuskae	Condition	937	2939	1.29669248605332e-10	*	1.10770196037434	2939	70.8468866961552	977	41	4.94759932517227e-223	*	11118	16046	2653	NA
19	E11	H35	Insuliinisõltumatu suhkurtõbi	Condition	Võrkkesta muud haigusseisundid	Condition	944	2262	2.40090265331674e-38	*	1.29198992496943	2262	69.4244031830239	704	57	4.00189233421959e-185	*	11118	10811	1751	NA
20	E11	I25	Insuliinisõltumatu suhkurtõbi	Condition	Krooniline südame isheemiatõbi	Condition	873	1704	9.85259125701057e-10	*	1.14753756253425	1704	72.7024647887324	775	266	7.33100201255228e-72	*	11118	10239	1485	NA
21	E11	I50	Insuliinisõltumatu suhkurtõbi	Condition	Südamepuudulikkus	Condition	842	2855	1.50965078035367e-39	*	1.24994613534889	2855	72.6665499124343	1318	474	7.94786019757387e-115	*	11118	15886	2284	NA
22	E11	M10	Insuliinisõltumatu suhkurtõbi	Condition	Podagra	Condition	1063	1490	2.78020491487195e-47	*	1.45351271151263	1490	69.1691275167785	561	155	4.38693039648417e-90	*	11118	6894	1025	NA
23	E66	H25	Rasvumus	Condition	Seniilkatarakt e raukuskae	Condition	993	1477	8.54018110949013e-06	*	1.1131954520154	1477	67.1259309410968	1108	15	2.1041451196781e-13	*	12516	16046	1327	NA
24	E78	E55	Lipoproteiiniainevahetuse häired ja muud lipideemiad	Condition	D-vitamiinivaegus	Condition	1278	2536	3.17203922525221e-10	*	1.12661491251374	2536	64.1727129337539	552	608	2.85933040993036e-246	*	26109	13137	2251	NA
25	E78	E66	Lipoproteiiniainevahetuse häired ja muud lipideemiad	Condition	Rasvumus	Condition	930	2690	2.21022113936709e-11	*	1.13096821731243	2690	62.2334572490706	1653	1153	7.51409623542204e-45	*	26109	12516	2378	NA
26	E78	H35	Lipoproteiiniainevahetuse häired ja muud lipideemiad	Condition	Võrkkesta muud haigusseisundid	Condition	1004	3566	2.71726706895618e-15	*	1.13254233134713	3566	70.309871003926	1683	54	8.79226730406718e-151	*	26109	10811	3149	NA
27	E78	I20	Lipoproteiiniainevahetuse häired ja muud lipideemiad	Condition	Stenokardia e rinnaangiin e rinnaahistus	Condition	844	2876	3.79926008849075e-09	*	1.10910519713628	2876	68.3616133518776	2268	747	1.10925576240486e-15	*	26109	10592	2593	NA
28	E78	I25	Lipoproteiiniainevahetuse häired ja muud lipideemiad	Condition	Krooniline südame isheemiatõbi	Condition	823	2994	1.26414628432952e-36	*	1.25345699354226	2994	70.1038744154977	1683	837	1.68293571437625e-70	*	26109	10239	2389	NA
29	E78	R73	Lipoproteiiniainevahetuse häired ja muud lipideemiad	Condition	Glükoosi- e suhkrusisalduse suurenemine veres	Condition	1000	1600	9.53858318741189e-27	*	1.31071214067928	1600	64.465	624	544	1.35476790519943e-78	*	26109	5144	1221	NA
30	F32	F33	Depressiivne episood e. depressioon	Condition	Korduv depressiivne häire e korduv depressioon	Condition	700	1648	0	*	3.51539552917676	1648	48.4332524271845	880	74	3.8899172029019e-52	*	14635	4914	469	NA
31	F32	F41	Depressiivne episood e. depressioon	Condition	Muud ärevushäired	Condition	791	2416	1.67030583627074e-184	*	1.83794464724274	2416	50.5475993377483	2096	262	1.93234656922846e-06	*	14635	13463	1315	NA
32	F32	K29	Depressiivne episood e. depressioon	Condition	Gastriit ja duodeniit e mao- ja kaksteistsõrmikupõletik	Condition	886	2632	8.01828503176216e-10	*	1.11486837931731	2632	57.512537993921	2334	135	1.49947871331325e-05	*	14635	25830	2361	NA
33	F32	N30	Depressiivne episood e. depressioon	Condition	Tsüstiit e kusepõiepõletik	Condition	934	2280	1.48276960814525e-07	*	1.10574429980619	2280	55.780701754386	1879	44	3.31907217803468e-10	*	14635	22495	2062	NA
34	F41	B34	Muud ärevushäired	Condition	Täpsustamata paikme viirusnakkus	Condition	1028	2067	1.46391940033423e-12	*	1.15638642760129	2067	46.4905660377358	1678	50	1.45307187475926e-10	*	13463	35765	1787	NA
35	F41	M79	Muud ärevushäired	Condition	Pehmete kudede mujal klassifitseerimata muud haigusseisundid	Condition	949	1979	1.27984867685095e-19	*	1.21386063586217	1979	53.1657402728651	1674	76	3.16429577574334e-07	*	13463	19864	1630	NA
36	F41	N39	Muud ärevushäired	Condition	Kuseelundite muud haigusseisundid	Condition	1059	1683	1.07772215604679e-08	*	1.13984164359207	1683	60.5579322638146	1033	19	4.32441029606463e-36	*	13463	16166	1477	NA
37	G47	F41	Unehäired	Condition	Muud ärevushäired	Condition	794	2157	6.34196601639141e-70	*	1.46791047062016	2157	59.9508576726936	1902	251	5.11104401145452e-05	*	18217	13463	1469	NA
38	H10	B01	Konjunktiviit e sidekestapõletik	Condition	Tuulerõuged	Condition	770	2594	4.98710994217947e-08	*	1.10736803228296	2594	4.89437162683115	1360	46	2.62341319795798e-86	*	31282	7227	2342	NA
39	H10	H01	Konjunktiviit e sidekestapõletik	Condition	Muu laupõletik	Condition	809	1536	3.07867437696102e-135	*	1.99657199854603	1536	54.4459635416667	687	186	1.35582605826393e-68	*	31282	4274	769	NA
40	H25	H10	Seniilkatarakt e raukuskae	Condition	Konjunktiviit e sidekestapõletik	Condition	873	2570	3.89288414820987e-13	*	1.14209180385648	2570	74.24046692607	2006	504	1.31757262133797e-15	*	16046	31282	2250	NA
41	H25	H26	Seniilkatarakt e raukuskae	Condition	Muu kae	Condition	997	1882	3.14891217901397e-150	*	1.89002958520045	1882	74.4920297555792	260	109	4.20263841475593e-284	*	16046	3329	996	NA
42	H25	H35	Seniilkatarakt e raukuskae	Condition	Võrkkesta muud haigusseisundid	Condition	813	2714	2.792988587248e-23	*	1.19599012421559	2714	75.0526897568165	1358	3008	5.39028026258384e-59	*	16046	10811	2269	NA
43	H40	H25	Glaukoom	Condition	Seniilkatarakt e raukuskae	Condition	693	1978	4.19789382580712e-24	*	1.22055131469146	1978	71.896865520728	1270	982	6.03238588555183e-28	*	6614	16046	1621	NA
44	H40	H35	Glaukoom	Condition	Võrkkesta muud haigusseisundid	Condition	870	1572	4.13666350594725e-48	*	1.4151530607649	1572	74.764631043257	778	424	3.17671511093408e-52	*	6614	10811	1111	NA
45	H52	D22	Refraktsiooni- ja akommodatsioonihäired	Condition	Melanotsüütneevused	Condition	1022	2506	3.93381581065241e-10	*	1.12858503990063	2506	42.3000798084597	1463	6	2.33937246459261e-62	*	34977	12097	2220	NA
46	H52	D23	Refraktsiooni- ja akommodatsioonihäired	Condition	Naha muud healoomulised kasvajad	Condition	1004	2665	2.12209500592125e-09	*	1.11809345763818	2665	55.7069418386492	1630	61	5.01103915528534e-56	*	34977	10489	2384	NA
47	H52	H11	Refraktsiooni- ja akommodatsioonihäired	Condition	Konjunktiivi muud haigusseisundid	Condition	1073	1709	1.47683523107416e-08	*	1.14343381470674	1709	63.2223522527794	629	812	2.5708731585071e-84	*	34977	5268	1495	NA
48	H52	H35	Refraktsiooni- ja akommodatsioonihäired	Condition	Võrkkesta muud haigusseisundid	Condition	996	2854	6.40169394834292e-14	*	1.14595763931559	2854	68.0262789067975	1474	2477	2.3024539420114e-63	*	34977	10811	2490	NA
49	H52	K03	Refraktsiooni- ja akommodatsioonihäired	Condition	Hammaste kõvakudede muud haigused	Condition	1141	1639	4.97009868100992e-06	*	1.11487632317115	1639	14.7455765710799	763	0	3.27329502387583e-73	*	34977	7364	1470	NA
50	H52	K07	Refraktsiooni- ja akommodatsioonihäired	Condition	Hammaste ja näo arenguhäired [kaasa arvatud hambumushäired]	Condition	916	1730	5.10274939282258e-07	*	1.12420337704888	1730	15.6005780346821	1216	3	1.16553594317235e-21	*	34977	8567	1539	NA
51	H52	L70	Refraktsiooni- ja akommodatsioonihäired	Condition	Akne e vinnid	Condition	1020	1528	9.25778555676268e-07	*	1.1297936529396	1528	22.3429319371728	1128	12	5.01237775140132e-15	*	34977	8964	1352	NA
52	H52	L82	Refraktsiooni- ja akommodatsioonihäired	Condition	Seborröakeratoos e rasuvooluskeratoos; Dermatosis papulosa nigra; Leseri-Trélat' sümptom	Condition	1040	2177	6.62967071493587e-11	*	1.14647067556549	2177	65.2112999540652	1141	4	1.39307242277559e-73	*	34977	6490	1899	NA
53	H65	B01	Mädata keskkõrvapõletik	Condition	Tuulerõuged	Condition	745	3102	4.61534373374953e-10	*	1.10905026259342	3102	4.92230818826564	1279	26	3.79455635857515e-171	*	21000	7227	2797	NA
54	H65	H60	Mädata keskkõrvapõletik	Condition	Väliskõrvapõletik	Condition	676	1649	5.97282284779555e-122	*	1.85749095697479	1649	31.9739235900546	911	348	2.86756458384372e-43	*	21000	8115	888	NA
55	H65	H61	Mädata keskkõrvapõletik	Condition	Väliskõrva muud haigusseisundid	Condition	709	2138	5.71384998143287e-26	*	1.25107184296526	2138	24.9695977549111	1301	568	2.10601831699957e-40	*	21000	16752	1709	NA
56	H65	H66	Mädata keskkõrvapõletik	Condition	Mädane ja täpsustamata keskkõrvapõletik	Condition	575	1995	5.35995655431456e-118	*	1.72097193854031	1995	16.381954887218	1192	276	5.80250730733493e-43	*	21000	5484	1159	NA
57	H65	H92	Mädata keskkõrvapõletik	Condition	Otalgia e kõrvavalu ja kõrvaefusioon e –voolus	Condition	799	1730	1.07352921300715e-76	*	1.58974710316605	1730	20.2346820809249	593	268	2.16001638765427e-114	*	21000	5862	1088	NA
58	H65	J01	Mädata keskkõrvapõletik	Condition	Äge sinu[s]iit e ninakõrvalurkepõletik	Condition	879	2766	1.34977488511524e-12	*	1.13536526315313	2766	22.3785249457701	1959	492	2.52041757570154e-29	*	21000	23082	2436	NA
59	H65	J03	Mädata keskkõrvapõletik	Condition	Äge suulae- e kurgumandlipõletik e tonsilliit [angiin]	Condition	783	3258	4.16051804931291e-14	*	1.13102985263161	3258	12.2378759975445	2051	212	5.25402689468026e-60	*	21000	18374	2881	NA
60	H65	J30	Mädata keskkõrvapõletik	Condition	Vasomotoorne ja allergiline riniit	Condition	765	3520	7.03663985075915e-22	*	1.16327815353327	3520	20.7835227272727	2107	349	2.02994105278142e-75	*	21000	23915	3026	NA
61	H65	J35	Mädata keskkõrvapõletik	Condition	Suulae- [kurgu-] ja [nina-]neelumandlite kroonilised haigused	Condition	638	3929	6.25448014096515e-30	*	1.18336002841271	3929	9.76686179689488	2029	360	2.19312625556596e-128	*	21000	16485	3320	NA
62	I10	E66	Hüpertooniatõbi e essentsiaalne e primaarne arteriaalne hüpertensioon e kõrgvererõhktõbi	Condition	Rasvumus	Condition	1011	3761	1.95889115761219e-42	*	1.24236162032066	3761	58.3350172826376	1658	624	1.07478066057381e-164	*	31444	12516	3027	NA
63	I10	E78	Hüpertooniatõbi e essentsiaalne e primaarne arteriaalne hüpertensioon e kõrgvererõhktõbi	Condition	Lipoproteiiniainevahetuse häired ja muud lipideemiad	Condition	844	7464	6.36045121854661e-73	*	1.20936771930404	7464	62.3149785637728	4294	1906	1.28573968602227e-163	*	31444	26109	6172	NA
64	I10	I11	Hüpertooniatõbi e essentsiaalne e primaarne arteriaalne hüpertensioon e kõrgvererõhktõbi	Condition	Südamekahjustusega hüpertooniatõbi	Condition	795	10451	0	*	1.73586423678294	10451	63.9696679743565	7324	589	1.57979913784879e-118	*	31444	34240	6021	NA
65	I10	R73	Hüpertooniatõbi e essentsiaalne e primaarne arteriaalne hüpertensioon e kõrgvererõhktõbi	Condition	Glükoosi- e suhkrusisalduse suurenemine veres	Condition	1047	1852	1.34191936167854e-17	*	1.21853566047183	1852	62.2246220302376	596	199	2.77978554881196e-137	*	31444	5144	1520	NA
66	I11	E11	Südamekahjustusega hüpertooniatõbi	Condition	Insuliinisõltumatu suhkurtõbi	Condition	810	3929	1.40630755377597e-45	*	1.24761403142538	3929	68.9236446933062	2833	2107	1.11222928066161e-31	*	34240	11118	3149	NA
67	I11	E66	Südamekahjustusega hüpertooniatõbi	Condition	Rasvumus	Condition	937	4670	2.14183034201435e-108	*	1.37738120471658	4670	64.044539614561	1449	832	0	*	34240	12516	3390	NA
68	I11	E78	Südamekahjustusega hüpertooniatõbi	Condition	Lipoproteiiniainevahetuse häired ja muud lipideemiad	Condition	714	8855	1.13475763930305e-48	*	1.14788993813198	8855	67.2830039525692	4304	2637	3.17382026064427e-291	*	34240	26109	7714	NA
69	I11	I13	Südamekahjustusega hüpertooniatõbi	Condition	Südame- ja neerukahjustusega hüpertooniatõbi	Condition	1302	1738	1.390092259924e-08	*	1.14231124816168	1738	77.5581127733027	191	14	2.86153716385014e-309	*	34240	2097	1521	NA
70	I11	I20	Südamekahjustusega hüpertooniatõbi	Condition	Stenokardia e rinnaangiin e rinnaahistus	Condition	780	5491	6.62814567557941e-27	*	1.14526243807867	5491	71.1047168093243	1842	1347	0	*	34240	10592	4795	NA
71	I11	I25	Südamekahjustusega hüpertooniatõbi	Condition	Krooniline südame isheemiatõbi	Condition	804	5698	2.73055685192285e-35	*	1.16650331047411	5698	73.6974376974377	1458	1332	0	*	34240	10239	4885	NA
72	I11	I48	Südamekahjustusega hüpertooniatõbi	Condition	Kodade virvendus ja laperdus	Condition	982	5582	8.81605996005088e-28	*	1.14647219033164	5582	75.4068434252956	1632	1495	0	*	34240	10047	4869	NA
73	I11	I50	Südamekahjustusega hüpertooniatõbi	Condition	Südamepuudulikkus	Condition	855	9071	3.73126790902681e-81	*	1.19578232147668	9071	74.6096351008709	2297	2066	0	*	34240	15886	7586	NA
74	I11	I63	Südamekahjustusega hüpertooniatõbi	Condition	Peaajuinfarkt	Condition	1116	2366	3.2795298683943e-18	*	1.19324166037783	2366	76.3157227387997	261	657	2.27665449603646e-319	*	34240	3740	1983	NA
75	I11	I69	Südamekahjustusega hüpertooniatõbi	Condition	Peaajuveresoonte haiguse jääknähud	Condition	889	2995	7.10522009355325e-46	*	1.29641075198409	2995	74.6237061769616	447	442	0	*	34240	4483	2310	NA
76	I11	M10	Südamekahjustusega hüpertooniatõbi	Condition	Podagra	Condition	1131	3848	4.9860257506192e-32	*	1.20254613366883	3848	69.7819646569647	899	296	0	*	34240	6894	3200	NA
77	I11	N18	Südamekahjustusega hüpertooniatõbi	Condition	Krooniline neeruinsufitsients	Condition	1262	3003	3.45552579392801e-11	*	1.12320975557537	3003	77.6896436896437	304	198	0	*	34240	4006	2674	NA
78	I11	R73	Südamekahjustusega hüpertooniatõbi	Condition	Glükoosi- e suhkrusisalduse suurenemine veres	Condition	1020	2147	4.65565860674683e-13	*	1.16586000747658	2147	66.8593386120168	623	236	3.74224160349173e-178	*	34240	5144	1842	NA
79	I11	Z95	Südamekahjustusega hüpertooniatõbi	Condition	Südame- või veresooneimplantaadi või -siiriku olemasolu	Condition	908	2135	4.89140665830567e-27	*	1.2636835952379	2135	70.5985948477752	422	574	1.82943868654542e-217	*	34240	3366	1690	NA
80	I20	G47	Stenokardia e rinnaangiin e rinnaahistus	Condition	Unehäired	Condition	839	2001	1.27888759133599e-14	*	1.17226935047144	2001	71.7111444277861	1555	99	7.552655864058e-14	*	10592	18217	1707	NA
81	I20	I25	Stenokardia e rinnaangiin e rinnaahistus	Condition	Krooniline südame isheemiatõbi	Condition	595	2433	2.68761932411262e-183	*	1.79882395892903	2433	73.3842992190711	1772	754	3.11374282520448e-21	*	10592	10239	1353	NA
82	I20	I48	Stenokardia e rinnaangiin e rinnaahistus	Condition	Kodade virvendus ja laperdus	Condition	885	1728	6.38472755888458e-23	*	1.25370861482445	1728	76.3628472222222	1256	289	9.41244060589597e-17	*	10592	10047	1378	NA
83	I20	I49	Stenokardia e rinnaangiin e rinnaahistus	Condition	Muud südamerütmitused e arütmiad	Condition	736	1827	8.91064618319866e-54	*	1.42408048202833	1827	70.1319102353585	1250	425	1.03485684800808e-22	*	10592	12291	1283	NA
84	I20	I50	Stenokardia e rinnaangiin e rinnaahistus	Condition	Südamepuudulikkus	Condition	691	2590	1.06366241660829e-33	*	1.24212077557301	2590	74.7416988416988	2058	721	2.26069133818747e-13	*	10592	15886	2085	NA
85	I20	K21	Stenokardia e rinnaangiin e rinnaahistus	Condition	Gastro-ösofageaalne e mao-söögitoru tagasivooluhaigus	Condition	868	1676	2.91792907652295e-06	*	1.10951151875545	1676	70.0566825775656	1402	119	6.21049539135555e-07	*	10592	18587	1511	NA
86	I20	K29	Stenokardia e rinnaangiin e rinnaahistus	Condition	Gastriit ja duodeniit e mao- ja kaksteistsõrmikupõletik	Condition	811	2627	1.51390600333611e-25	*	1.20163811061938	2627	71.656642558051	1971	197	1.55195313538076e-21	*	10592	25830	2186	NA
87	I25	K29	Krooniline südame isheemiatõbi	Condition	Gastriit ja duodeniit e mao- ja kaksteistsõrmikupõletik	Condition	792	2217	9.09404172754249e-13	*	1.14480860715066	2217	72.7302661253947	1910	174	1.52224771904077e-06	*	10239	25830	1937	NA
88	I48	K29	Kodade virvendus ja laperdus	Condition	Gastriit ja duodeniit e mao- ja kaksteistsõrmikupõletik	Condition	752	2078	4.43120779764265e-09	*	1.12131669666477	2078	74.2425409047161	1732	128	1.88701704643885e-08	*	10047	25830	1853	NA
89	I49	I48	Muud südamerütmitused e arütmiad	Condition	Kodade virvendus ja laperdus	Condition	732	1777	7.25946393079911e-114	*	1.74143632972472	1777	73.1266178953292	1510	317	5.02475374421942e-06	*	12291	10047	1020	NA
90	I50	D50	Südamepuudulikkus	Condition	Rauavaegusaneemia	Condition	948	1507	5.69602137487425e-11	*	1.17632481279231	1507	77.056403450564	760	179	1.20674523966388e-52	*	15886	14654	1281	NA
91	I50	I25	Südamepuudulikkus	Condition	Krooniline südame isheemiatõbi	Condition	589	2957	3.19679764833416e-92	*	1.43627466387425	2957	76.0486980047345	2242	1377	6.78238933287528e-19	*	15886	10239	2059	NA
92	I50	I70	Südamepuudulikkus	Condition	Ateroskleroos	Condition	867	1651	9.29185332889177e-06	*	1.10662497220774	1651	78.4015748031496	1304	248	4.69585609554663e-10	*	15886	5950	1492	NA
93	I50	J18	Südamepuudulikkus	Condition	Täpsustamata tekitajaga kopsupõletik	Condition	932	1873	1.29012322769662e-08	*	1.1310688899632	1873	77.049119060331	928	309	1.96653426618511e-65	*	15886	12614	1656	NA
94	I50	M10	Südamepuudulikkus	Condition	Podagra	Condition	979	1801	1.76382382969461e-52	*	1.43341316135124	1801	73.6796224319822	956	150	2.63335536237432e-56	*	15886	6894	1256	NA
95	I50	N18	Südamepuudulikkus	Condition	Krooniline neeruinsufitsients	Condition	979	1963	1.90099672701221e-58	*	1.43773566792526	1963	79.0550178298523	564	307	2.75154153577089e-159	*	15886	4006	1365	NA
96	I63	I69	Peaajuinfarkt	Condition	Peaajuveresoonte haiguse jääknähud	Condition	345	1579	0	*	8.69602106810573	1579	73.1203293223559	464	168	3.79634698179299e-130	*	3740	4483	182	NA
97	J00	B34	Äge nasofarüngiit e nina-neelupõletik [tavaline nohu]	Condition	Täpsustamata paikme viirusnakkus	Condition	755	8344	2.01333261122001e-47	*	1.14662887425586	8344	14.8104026845638	5457	358	3.79810217012087e-131	*	28463	35765	7277	NA
98	J00	H65	Äge nasofarüngiit e nina-neelupõletik [tavaline nohu]	Condition	Mädata keskkõrvapõletik	Condition	602	5925	2.16934915279931e-17	*	1.10406176541475	5925	9.4884388185654	3699	1282	1.01181331979211e-101	*	28463	21000	5367	NA
99	J00	J01	Äge nasofarüngiit e nina-neelupõletik [tavaline nohu]	Condition	Äge sinu[s]iit e ninakõrvalurkepõletik	Condition	879	4160	2.74662339812722e-39	*	1.21468146235798	4160	24.5004807692308	3375	594	1.62709244273287e-18	*	28463	23082	3425	NA
100	J00	J02	Äge nasofarüngiit e nina-neelupõletik [tavaline nohu]	Condition	Äge farüngiit e neelupõletik	Condition	710	6450	4.89145262509869e-48	*	1.17900249016425	6450	15.7322480620155	4894	616	2.62686515365203e-46	*	28463	30383	5471	NA
101	J00	J03	Äge nasofarüngiit e nina-neelupõletik [tavaline nohu]	Condition	Äge suulae- e kurgumandlipõletik e tonsilliit [angiin]	Condition	835	4380	6.99553489178415e-12	*	1.10033525859388	4380	13.5239726027397	2589	164	4.80927334167657e-101	*	28463	18374	3981	NA
102	J00	J04	Äge nasofarüngiit e nina-neelupõletik [tavaline nohu]	Condition	Äge kõripõletik e larüngiit ja hingetorupõletik e trahheiit	Condition	701	4456	2.72327323157247e-28	*	1.16836788887783	4456	16.0857271095153	3415	552	3.87325137698362e-30	*	28463	22872	3814	NA
103	J00	J30	Äge nasofarüngiit e nina-neelupõletik [tavaline nohu]	Condition	Vasomotoorne ja allergiline riniit	Condition	828	5003	3.28137742960946e-51	*	1.22234296018519	5003	21.296422146712	3281	396	5.54110593477442e-77	*	28463	23915	4093	NA
104	J00	J34	Äge nasofarüngiit e nina-neelupõletik [tavaline nohu]	Condition	Nina ja ninakõrvalurgete muud haigusseisundid	Condition	881	1959	1.77477596614952e-21	*	1.23878176718371	1959	24.1194486983155	1000	139	6.7475320699925e-68	*	28463	9165	1581	NA
105	J00	J35	Äge nasofarüngiit e nina-neelupõletik [tavaline nohu]	Condition	Suulae- [kurgu-] ja [nina-]neelumandlite kroonilised haigused	Condition	755	5062	8.79724350996439e-18	*	1.11714001122137	5062	10.8706045041486	2470	329	2.12537487852567e-191	*	28463	16485	4531	NA
106	J00	R05	Äge nasofarüngiit e nina-neelupõletik [tavaline nohu]	Condition	Köha	Condition	923	2658	1.52777350932476e-13	*	1.14819233862675	2658	19.3942814145974	1142	169	3.78403215691395e-131	*	28463	10710	2315	NA
107	J01	G44	Äge sinu[s]iit e ninakõrvalurkepõletik	Condition	Muud peavalusündroomid	Condition	932	1484	2.53889269075357e-07	*	1.13795233763704	1484	38.6846361185984	1225	77	5.5139671432615e-07	*	23082	8927	1304	NA
108	J01	J30	Äge sinu[s]iit e ninakõrvalurkepõletik	Condition	Vasomotoorne ja allergiline riniit	Condition	662	4395	3.08661692901294e-204	*	1.57752756705103	4395	36.3417519908988	3822	715	6.60081326653022e-10	*	23082	23915	2786	NA
109	J01	J31	Äge sinu[s]iit e ninakõrvalurkepõletik	Condition	Krooniline nina-, nina-neelu- ja neelupõletik e riniit, nasofarüngiit ja farüngiit	Condition	809	1640	1.00547005170411e-79	*	1.63260991367239	1640	42.6762195121951	900	136	3.52455639566782e-47	*	23082	7021	1005	NA
110	J01	J34	Äge sinu[s]iit e ninakõrvalurkepõletik	Condition	Nina ja ninakõrvalurgete muud haigusseisundid	Condition	709	2327	4.23337190224998e-157	*	1.79350241545191	2327	37.1289213579716	1120	291	1.37328964657744e-88	*	23082	9165	1297	NA
111	J01	R05	Äge sinu[s]iit e ninakõrvalurkepõletik	Condition	Köha	Condition	995	1577	7.59428476345069e-07	*	1.12698258888418	1577	39.0405833861763	1059	126	2.91796971620035e-23	*	23082	10710	1399	NA
112	J01	R51	Äge sinu[s]iit e ninakõrvalurkepõletik	Condition	Peavalu; Teisiti täpsustamata näovalu	Condition	912	1903	9.39319694248813e-18	*	1.21346238696094	1903	35.966894377299	1330	144	2.90496539798236e-23	*	23082	10473	1568	NA
113	J02	A09	Äge farüngiit e neelupõletik	Condition	Oletatavalt nakkusliku päritoluga kõhulahtisus ja gastroenteriit; Peensoole- või soolekatarr; Teisiti täpsustamata, hemorraagiline või septiline+koliit; Teisiti täpsustamata, hemorraagiline või septiline+enteriit; Teisit	Condition	921	1836	4.96627732429139e-06	*	1.1072691623677	1836	23.1911764705882	1176	46	2.75697577925515e-33	*	30383	8043	1658	NA
114	J02	J01	Äge farüngiit e neelupõletik	Condition	Äge sinu[s]iit e ninakõrvalurkepõletik	Condition	904	4642	4.22663554401555e-37	*	1.19398453724806	4642	30.2229642395519	3490	380	3.99701590651381e-36	*	30383	23082	3888	NA
115	J02	J03	Äge farüngiit e neelupõletik	Condition	Äge suulae- e kurgumandlipõletik e tonsilliit [angiin]	Condition	757	4313	1.7828461396201e-60	*	1.27396973293313	4313	21.1518664502666	3614	456	1.19339415436582e-14	*	30383	18374	3385	NA
116	J02	J30	Äge farüngiit e neelupõletik	Condition	Vasomotoorne ja allergiline riniit	Condition	865	4587	5.92611427147802e-16	*	1.11763632284821	4587	28.2552866797471	3628	223	7.23819640581409e-26	*	30383	23915	4104	NA
117	J02	J31	Äge farüngiit e neelupõletik	Condition	Krooniline nina-, nina-neelu- ja neelupõletik e riniit, nasofarüngiit ja farüngiit	Condition	872	1690	8.30528125667103e-38	*	1.37747720023619	1690	39.1485207100592	880	52	2.01211949247343e-57	*	30383	7021	1227	NA
118	J02	J34	Äge farüngiit e neelupõletik	Condition	Nina ja ninakõrvalurgete muud haigusseisundid	Condition	930	1955	2.73656323607606e-06	*	1.10667376697243	1955	30.9964194373402	1161	42	5.52905154856471e-46	*	30383	9165	1767	NA
119	J02	J35	Äge farüngiit e neelupõletik	Condition	Suulae- [kurgu-] ja [nina-]neelumandlite kroonilised haigused	Condition	681	4514	3.3292311894245e-83	*	1.32347455005343	4514	19.2264067346035	2978	302	1.91338578669844e-68	*	30383	16485	3411	NA
120	J02	K21	Äge farüngiit e neelupõletik	Condition	Gastro-ösofageaalne e mao-söögitoru tagasivooluhaigus	Condition	876	2550	7.85297812331878e-15	*	1.16145339175655	2550	45.1772549019608	2067	131	1.14547298008804e-12	*	30383	18587	2196	NA
121	J02	K30	Äge farüngiit e neelupõletik	Condition	Düspepsia e seedehäire; Seedimatus	Condition	968	1776	1.54545627458448e-06	*	1.11586889280125	1776	37.1334459459459	1411	40	7.07100833356728e-11	*	30383	10550	1592	NA
122	J02	R05	Äge farüngiit e neelupõletik	Condition	Köha	Condition	974	2359	8.97265656518206e-08	*	1.11098025262876	2359	30.623993217465	1233	138	3.12164352536932e-77	*	30383	10710	2123	NA
123	J03	J01	Äge suulae- e kurgumandlipõletik e tonsilliit [angiin]	Condition	Äge sinu[s]iit e ninakõrvalurkepõletik	Condition	909	2645	5.70689355671194e-09	*	1.11039069653637	2645	27.0049149338374	2314	163	1.85949309794008e-06	*	18374	23082	2382	NA
124	J03	J35	Äge suulae- e kurgumandlipõletik e tonsilliit [angiin]	Condition	Suulae- [kurgu-] ja [nina-]neelumandlite kroonilised haigused	Condition	567	3658	1.70945192558806e-265	*	1.79149298903012	3658	20.1369600874795	2362	334	4.7086266426996e-60	*	18374	16485	2042	NA
125	J04	E66	Äge kõripõletik e larüngiit ja hingetorupõletik e trahheiit	Condition	Rasvumus	Condition	971	1496	4.68548056835448e-10	*	1.17060382737733	1496	44.9839572192513	1243	34	8.39576414283159e-07	*	22872	12516	1278	NA
126	J04	J01	Äge kõripõletik e larüngiit ja hingetorupõletik e trahheiit	Condition	Äge sinu[s]iit e ninakõrvalurkepõletik	Condition	899	3356	1.22115579443104e-24	*	1.18274638485426	3356	32.6886174016687	2452	389	8.46795081963182e-31	*	22872	23082	2837	NA
127	J04	J03	Äge kõripõletik e larüngiit ja hingetorupõletik e trahheiit	Condition	Äge suulae- e kurgumandlipõletik e tonsilliit [angiin]	Condition	826	2904	3.02011094498069e-28	*	1.21836317044032	2904	22.1201790633609	2080	161	7.91326146192756e-31	*	22872	18374	2384	NA
128	J04	J30	Äge kõripõletik e larüngiit ja hingetorupõletik e trahheiit	Condition	Vasomotoorne ja allergiline riniit	Condition	871	3495	2.37004844680315e-16	*	1.13844388404274	3495	30.9608011444921	2463	184	5.25299683613836e-40	*	22872	23915	3070	NA
129	J04	J35	Äge kõripõletik e larüngiit ja hingetorupõletik e trahheiit	Condition	Suulae- [kurgu-] ja [nina-]neelumandlite kroonilised haigused	Condition	732	2846	6.84200475691964e-18	*	1.1668479427044	2846	18.4265635980323	1987	118	1.15005254375579e-34	*	22872	16485	2439	NA
130	J04	J45	Äge kõripõletik e larüngiit ja hingetorupõletik e trahheiit	Condition	Astma	Condition	781	1592	5.49522460894451e-33	*	1.35556905991738	1592	34.9239949748744	1351	109	7.51365096617068e-06	*	22872	11382	1174	NA
131	J04	K02	Äge kõripõletik e larüngiit ja hingetorupõletik e trahheiit	Condition	Hambasööbija	Condition	768	3450	1.00411346183694e-10	*	1.1071279123452	3450	8.42840579710145	2919	3	1.40843874642121e-11	*	22872	26134	3116	NA
132	J04	K21	Äge kõripõletik e larüngiit ja hingetorupõletik e trahheiit	Condition	Gastro-ösofageaalne e mao-söögitoru tagasivooluhaigus	Condition	896	2122	2.20384050083488e-09	*	1.13228145794233	2122	50.0777568331762	1809	100	4.40516108816016e-07	*	22872	18587	1874	NA
133	J04	R05	Äge kõripõletik e larüngiit ja hingetorupõletik e trahheiit	Condition	Köha	Condition	980	2021	2.86771693054586e-20	*	1.22363325236697	2021	35.0494804552202	955	149	1.14561224968215e-82	*	22872	10710	1652	NA
134	J06	A08	Ülemiste hingamisteede hulgi ja täpsustamata paikmega ägedad nakkused	Condition	Soole viirus- ja muud täpsustatud nakkused	Condition	863	3681	3.272537559597e-23	*	1.17549452378618	3681	20.4330345014942	1917	74	1.75081397263918e-123	*	56742	7788	3131	NA
135	J06	A09	Ülemiste hingamisteede hulgi ja täpsustamata paikmega ägedad nakkused	Condition	Oletatavalt nakkusliku päritoluga kõhulahtisus ja gastroenteriit; Peensoole- või soolekatarr; Teisiti täpsustamata, hemorraagiline või septiline+koliit; Teisiti täpsustamata, hemorraagiline või septiline+enteriit; Teisit	Condition	909	3576	5.8328635095256e-13	*	1.12471181275393	3576	22.2491610738255	1792	83	1.16344759934173e-131	*	56742	8043	3179	NA
136	J06	B34	Ülemiste hingamisteede hulgi ja täpsustamata paikmega ägedad nakkused	Condition	Täpsustamata paikme viirusnakkus	Condition	882	12999	2.67015909094079e-35	*	1.1015968969334	12999	24.7175167320563	8004	223	2.57576742953274e-260	*	56742	35765	11800	NA
137	J06	J11	Ülemiste hingamisteede hulgi ja täpsustamata paikmega ägedad nakkused	Condition	Gripp, viirus tuvastamata	Condition	1135	2643	7.14038115944195e-08	*	1.10715989901138	2643	25.8138479001135	732	81	5.73186823653613e-245	*	56742	5327	2387	NA
138	J06	J20	Ülemiste hingamisteede hulgi ja täpsustamata paikmega ägedad nakkused	Condition	Äge bronhiit	Condition	715	11436	1.66974262795676e-42	*	1.12335853974575	11436	29.061734872333	8992	1619	2.69573958146903e-61	*	56742	38938	10180	NA
139	J20	J01	Äge bronhiit	Condition	Äge sinu[s]iit e ninakõrvalurkepõletik	Condition	901	5018	4.31744553925613e-24	*	1.1455847310796	5018	34.6821442805899	3520	752	6.26364389366089e-55	*	38938	23082	4380	NA
140	J20	J03	Äge bronhiit	Condition	Äge suulae- e kurgumandlipõletik e tonsilliit [angiin]	Condition	811	4366	2.79022617242787e-26	*	1.16734290258739	4366	21.8447091158956	2978	225	9.4033247420429e-58	*	38938	18374	3740	NA
141	J20	J18	Äge bronhiit	Condition	Täpsustamata tekitajaga kopsupõletik	Condition	773	3508	3.60280512083552e-65	*	1.33505281613551	3508	41.7482896237172	1949	1154	6.79729709405092e-83	*	38938	12614	2628	NA
142	J20	J30	Äge bronhiit	Condition	Vasomotoorne ja allergiline riniit	Condition	860	5676	4.64386346978396e-27	*	1.14427268518397	5676	32.861874559549	3939	326	1.54864907377485e-68	*	38938	23915	4960	NA
143	J20	J31	Äge bronhiit	Condition	Krooniline nina-, nina-neelu- ja neelupõletik e riniit, nasofarüngiit ja farüngiit	Condition	948	1791	5.9192371031905e-06	*	1.10856893681489	1791	46.3718592964824	1040	67	5.09740794492116e-45	*	38938	7021	1616	NA
144	J20	J35	Äge bronhiit	Condition	Suulae- [kurgu-] ja [nina-]neelumandlite kroonilised haigused	Condition	751	4388	2.45464365296979e-14	*	1.11549197402914	4388	17.6014129443938	2712	149	3.9829871662075e-87	*	38938	16485	3934	NA
145	J20	J39	Äge bronhiit	Condition	Ülemiste hingamisteede muud haigused	Condition	703	1513	2.35283312214764e-44	*	1.45393813793605	1513	21.2346331791143	438	104	1.19745248277481e-130	*	38938	3307	1041	NA
146	J20	J44	Äge bronhiit	Condition	Muu krooniline obstruktiivne kopsuhaigus	Condition	779	1716	6.89826743398528e-109	*	1.77949977728106	1716	62.8869463869464	942	189	2.55430963220638e-48	*	38938	5726	964	NA
147	J20	J45	Äge bronhiit	Condition	Astma	Condition	661	3523	3.30504082947797e-214	*	1.74181700174508	3523	37.2875390292364	2507	428	5.15166271179072e-37	*	38938	11382	2023	NA
148	J20	R05	Äge bronhiit	Condition	Köha	Condition	926	3482	6.04167839953649e-42	*	1.2561258358786	3482	36.7946582423894	1640	343	5.13905429140255e-140	*	38938	10710	2772	NA
149	J30	D22	Vasomotoorne ja allergiline riniit	Condition	Melanotsüütneevused	Condition	999	1864	1.74428222911203e-06	*	1.11099866982968	1864	35.4887339055794	1335	11	4.06280862615517e-21	*	23915	12097	1678	NA
150	J30	D23	Vasomotoorne ja allergiline riniit	Condition	Naha muud healoomulised kasvajad	Condition	1020	1553	1.11469463635827e-06	*	1.12605547371436	1553	46.4520283322601	1083	9	3.63525408493614e-20	*	23915	10489	1379	NA
151	J30	E55	Vasomotoorne ja allergiline riniit	Condition	D-vitamiinivaegus	Condition	1124	2298	2.42161363070382e-12	*	1.15106881002202	2298	37.5548302872063	1150	78	6.30305569353412e-85	*	23915	13137	1996	NA
152	J30	H61	Vasomotoorne ja allergiline riniit	Condition	Väliskõrva muud haigusseisundid	Condition	933	1937	4.98884326621596e-06	*	1.10298903411614	1937	42.722250903459	1692	318	5.11752349556529e-05	*	23915	16752	1756	NA
153	J30	I84	Vasomotoorne ja allergiline riniit	Condition	Hemorroidid e päraku veenikomud	Condition	982	1609	2.43597400748637e-08	*	1.14418492810732	1609	48.4822871348664	1315	34	3.49290561801947e-08	*	23915	11216	1406	NA
154	J30	J31	Vasomotoorne ja allergiline riniit	Condition	Krooniline nina-, nina-neelu- ja neelupõletik e riniit, nasofarüngiit ja farüngiit	Condition	786	1935	5.58229219008301e-155	*	1.91200821465865	1935	43.8832041343669	1420	303	7.38187125970303e-18	*	23915	7021	1012	NA
155	J30	J34	Vasomotoorne ja allergiline riniit	Condition	Nina ja ninakõrvalurgete muud haigusseisundid	Condition	694	2911	0	*	2.17336039642296	2911	36.4610099622123	1434	1002	4.5842442743181e-92	*	23915	9165	1339	NA
156	J30	L30	Vasomotoorne ja allergiline riniit	Condition	Muud dermatiidid	Condition	1016	2218	3.95394679546793e-11	*	1.1443688980001	2218	40.6221821460775	1771	70	1.21419996206003e-12	*	23915	16327	1938	NA
157	J30	M21	Vasomotoorne ja allergiline riniit	Condition	Muud jäsemete omandatud deformsused	Condition	945	1744	3.8802619426915e-13	*	1.18586393000964	1744	35.6525229357798	1368	31	9.424862959909e-12	*	23915	10627	1471	NA
158	J30	M77	Vasomotoorne ja allergiline riniit	Condition	Muud entesopaatiad	Condition	1039	1497	7.20552607641163e-07	*	1.13136135142632	1497	49.8510354041416	1068	22	1.67100876668415e-17	*	23915	10371	1323	NA
159	J30	R05	Vasomotoorne ja allergiline riniit	Condition	Köha	Condition	1016	1720	2.32477157186116e-10	*	1.16039990575949	1720	38.2511627906977	1312	166	2.86739169475559e-13	*	23915	10710	1482	NA
160	J30	R51	Vasomotoorne ja allergiline riniit	Condition	Peavalu; Teisiti täpsustamata näovalu	Condition	995	1827	8.64066799177744e-11	*	1.15894091372675	1827	36.5894909688013	1292	95	1.55903718652584e-21	*	23915	10473	1576	NA
161	J35	H52	Suulae- [kurgu-] ja [nina-]neelumandlite kroonilised haigused	Condition	Refraktsiooni- ja akommodatsioonihäired	Condition	895	2579	1.02026250425903e-09	*	1.11725017354966	2579	25.5804575416828	2223	12	1.53773919802419e-07	*	16485	34977	2308	NA
162	J35	J01	Suulae- [kurgu-] ja [nina-]neelumandlite kroonilised haigused	Condition	Äge sinu[s]iit e ninakõrvalurkepõletik	Condition	880	2483	1.88317294145089e-16	*	1.16824612862309	2483	22.9029399919452	2086	316	7.18859094590168e-09	*	16485	23082	2125	NA
163	J35	J30	Suulae- [kurgu-] ja [nina-]neelumandlite kroonilised haigused	Condition	Vasomotoorne ja allergiline riniit	Condition	715	3171	2.13171530073417e-68	*	1.34575734971525	3171	20.2835067801955	2404	594	7.94855081272572e-23	*	16485	23915	2356	NA
164	J35	J34	Suulae- [kurgu-] ja [nina-]neelumandlite kroonilised haigused	Condition	Nina ja ninakõrvalurgete muud haigusseisundid	Condition	627	1838	1.06705202313677e-144	*	1.88441127420023	1838	20.9983677910773	635	537	1.77268361803334e-109	*	16485	9165	975	NA
165	J45	H10	Astma	Condition	Konjunktiviit e sidekestapõletik	Condition	948	2115	9.72239341229281e-08	*	1.11006483421606	2115	42.7328605200946	1553	71	1.65895521158043e-20	*	11382	31282	1905	NA
166	J45	J01	Astma	Condition	Äge sinu[s]iit e ninakõrvalurkepõletik	Condition	964	1558	7.42286633743774e-08	*	1.13537925628605	1558	38.8940949935815	1127	60	9.84750737108288e-17	*	11382	23082	1372	NA
167	J45	J30	Astma	Condition	Vasomotoorne ja allergiline riniit	Condition	679	2607	4.0939617464649e-162	*	1.69180213929739	2607	38.4372842347526	1903	712	9.88828221418398e-23	*	11382	23915	1541	NA
168	J45	K21	Astma	Condition	Gastro-ösofageaalne e mao-söögitoru tagasivooluhaigus	Condition	851	1543	6.34206461841487e-19	*	1.24353344653252	1543	56.2566429034349	1235	124	5.84954217306078e-09	*	11382	18587	1241	NA
169	J45	K29	Astma	Condition	Gastriit ja duodeniit e mao- ja kaksteistsõrmikupõletik	Condition	903	1949	5.09879967477763e-13	*	1.16393273761038	1949	58.2909184197024	1375	80	3.62781617986416e-23	*	11382	25830	1674	NA
170	K00	K03	Hammaste arengu ja lõikumise häired	Condition	Hammaste kõvakudede muud haigused	Condition	1065	1564	2.28651286431058e-19	*	1.23510697983055	1564	12.1566496163683	701	63	1.55663434786949e-73	*	8097	7364	1266	NA
171	K00	K07	Hammaste arengu ja lõikumise häired	Condition	Hammaste ja näo arenguhäired [kaasa arvatud hambumushäired]	Condition	754	1703	1.8026203038621e-31	*	1.30199592694764	1703	10.8978273634762	1292	69	6.82330623947996e-14	*	8097	8567	1308	NA
172	K02	K00	Hambasööbija	Condition	Hammaste arengu ja lõikumise häired	Condition	948	5105	3.41820236205607e-17	*	1.11302247784805	5105	9.69363369245837	1524	419	0	*	26134	8097	4587	NA
173	K02	K04	Hambasööbija	Condition	Hambasäsi ja juuretipuümbrise haigused	Condition	675	7889	6.39589166247744e-85	*	1.21209244994592	7889	10.3980225630625	3097	1209	0	*	26134	31733	6509	NA
174	K02	K07	Hambasööbija	Condition	Hammaste ja näo arenguhäired [kaasa arvatud hambumushäired]	Condition	948	5411	4.61714704622635e-15	*	1.10029247821031	5411	11.189613749769	1585	81	0	*	26134	8567	4918	NA
175	K04	K00	Hambasäsi ja juuretipuümbrise haigused	Condition	Hammaste arengu ja lõikumise häired	Condition	840	2645	8.81055573446998e-18	*	1.17699906223035	2645	10.4052930056711	1385	150	4.72389790021522e-86	*	31733	8097	2247	NA
176	K04	K05	Hambasäsi ja juuretipuümbrise haigused	Condition	Igemepõletik ja hambajuureümbrise haigused	Condition	865	3782	6.74641881530444e-84	*	1.36808381651033	3782	30.8492860920148	2431	287	8.9831740814487e-64	*	31733	15494	2764	NA
177	K04	K10	Hambasäsi ja juuretipuümbrise haigused	Condition	Muud lõualuuhaigused	Condition	739	1641	5.38827592940491e-109	*	1.80170212061502	1641	44.1456429006703	954	239	9.15269529959494e-39	*	31733	6599	911	NA
178	K07	K03	Hammaste ja näo arenguhäired [kaasa arvatud hambumushäired]	Condition	Hammaste kõvakudede muud haigused	Condition	958	1696	2.94921182759738e-32	*	1.31092245525489	1696	13.5489386792453	959	29	1.50326356030169e-46	*	8567	7364	1294	NA
179	K21	H10	Gastro-ösofageaalne e mao-söögitoru tagasivooluhaigus	Condition	Konjunktiviit e sidekestapõletik	Condition	976	2857	9.2146613516455e-10	*	1.11133483413412	2857	56.4574728736437	2161	34	6.007205791108e-23	*	18587	31282	2571	NA
180	K21	H81	Gastro-ösofageaalne e mao-söögitoru tagasivooluhaigus	Condition	Vestibulaarfunktsiooni e esikutalitluse häired	Condition	983	1728	9.67097049381547e-13	*	1.18106803469535	1728	64.2146990740741	1235	40	1.14734835811583e-19	*	18587	9858	1463	NA
181	K21	I84	Gastro-ösofageaalne e mao-söögitoru tagasivooluhaigus	Condition	Hemorroidid e päraku veenikomud	Condition	931	1879	3.58934891316451e-28	*	1.28532702386798	1879	57.336881319851	1410	116	4.76544340827109e-16	*	18587	11216	1462	NA
182	K21	K30	Gastro-ösofageaalne e mao-söögitoru tagasivooluhaigus	Condition	Düspepsia e seedehäire; Seedimatus	Condition	829	1839	3.99406291468436e-68	*	1.51654981567004	1839	56.2751495377923	1390	146	5.69257473730931e-15	*	18587	10550	1213	NA
183	K21	K59	Gastro-ösofageaalne e mao-söögitoru tagasivooluhaigus	Condition	Muud soole talitlushäired	Condition	927	1611	2.51520163600748e-37	*	1.37889605322528	1611	58.5723153320919	1042	122	1.37890991555356e-27	*	18587	10248	1168	NA
184	K21	L30	Gastro-ösofageaalne e mao-söögitoru tagasivooluhaigus	Condition	Muud dermatiidid	Condition	1022	1852	3.74494216937631e-06	*	1.10593605926302	1852	57.8936285097192	1208	43	1.99342079903807e-31	*	18587	16327	1675	NA
185	K21	M16	Gastro-ösofageaalne e mao-söögitoru tagasivooluhaigus	Condition	Koksartroos e puusaliigese artroos	Condition	965	1636	5.83899920265182e-08	*	1.13676184457609	1636	66.7768948655257	1353	56	1.57761921284656e-07	*	18587	10018	1439	NA
186	K21	M75	Gastro-ösofageaalne e mao-söögitoru tagasivooluhaigus	Condition	Õlakahjustused	Condition	1015	1861	3.35594922609964e-08	*	1.1291841668315	1861	60.5953788285868	1462	39	2.80332102096629e-12	*	18587	12163	1648	NA
187	K21	M77	Gastro-ösofageaalne e mao-söögitoru tagasivooluhaigus	Condition	Muud entesopaatiad	Condition	995	1573	3.90225121415114e-08	*	1.14212208207311	1573	55.9465988556898	1137	49	6.18544184547575e-17	*	18587	10371	1377	NA
188	K21	M79	Gastro-ösofageaalne e mao-söögitoru tagasivooluhaigus	Condition	Pehmete kudede mujal klassifitseerimata muud haigusseisundid	Condition	962	2763	2.70052683213488e-31	*	1.23616968900045	2763	56.8642779587405	2140	92	6.14122960780847e-19	*	18587	19864	2235	NA
189	K21	N39	Gastro-ösofageaalne e mao-söögitoru tagasivooluhaigus	Condition	Kuseelundite muud haigusseisundid	Condition	1066	2447	6.2965212591833e-14	*	1.1543305040655	2447	63.297915815284	1422	61	7.77317523458364e-61	*	18587	16166	2120	NA
190	K21	R07	Gastro-ösofageaalne e mao-söögitoru tagasivooluhaigus	Condition	Kurgu- ja rindkerevalu	Condition	1052	1515	1.39217341115415e-23	*	1.29262764473513	1515	55.2316831683168	1006	109	1.75696337065926e-23	*	18587	9217	1172	NA
191	K21	R10	Gastro-ösofageaalne e mao-söögitoru tagasivooluhaigus	Condition	Kõhu- ja vaagnapiirkonna valu	Condition	941	2985	7.27529315319898e-39	*	1.25625417583268	2985	55.1688442211055	2661	216	1.22304079246506e-05	*	18587	24514	2376	NA
192	K29	G44	Gastriit ja duodeniit e mao- ja kaksteistsõrmikupõletik	Condition	Muud peavalusündroomid	Condition	952	1705	6.45824697405313e-22	*	1.26258530961545	1705	52.9190615835777	1383	46	4.76606619440677e-09	*	25830	8927	1350	NA
193	K29	G56	Gastriit ja duodeniit e mao- ja kaksteistsõrmikupõletik	Condition	Ülajäseme mononeuropaatiad	Condition	1019	1506	1.96582608906812e-06	*	1.12522146173264	1506	57.8306772908367	1156	37	9.89041720667037e-12	*	25830	7117	1338	NA
194	K29	H81	Gastriit ja duodeniit e mao- ja kaksteistsõrmikupõletik	Condition	Vestibulaarfunktsiooni e esikutalitluse häired	Condition	979	2324	1.18710765768571e-09	*	1.12839385812172	2324	64.9612736660929	1619	69	4.62201768693452e-29	*	25830	9858	2060	NA
195	K29	I84	Gastriit ja duodeniit e mao- ja kaksteistsõrmikupõletik	Condition	Hemorroidid e päraku veenikomud	Condition	906	2469	1.1871897733064e-26	*	1.2354612617685	2469	58.1158363710004	1736	213	1.48180098166503e-28	*	25830	11216	1998	NA
196	K29	J31	Gastriit ja duodeniit e mao- ja kaksteistsõrmikupõletik	Condition	Krooniline nina-, nina-neelu- ja neelupõletik e riniit, nasofarüngiit ja farüngiit	Condition	987	1498	1.06424858902953e-14	*	1.21976864443309	1498	56.3311081441923	1031	37	1.71250606182482e-20	*	25830	7021	1228	NA
197	K29	K21	Gastriit ja duodeniit e mao- ja kaksteistsõrmikupõletik	Condition	Gastro-ösofageaalne e mao-söögitoru tagasivooluhaigus	Condition	727	4191	2.32497601702922e-108	*	1.39694405156426	4191	57.1780004772131	3577	941	2.67997696458058e-11	*	25830	18587	3000	NA
198	K29	K30	Gastriit ja duodeniit e mao- ja kaksteistsõrmikupõletik	Condition	Düspepsia e seedehäire; Seedimatus	Condition	821	2290	1.02379972064429e-49	*	1.36657997043014	2290	55.2703056768559	1503	200	4.85322418086849e-36	*	25830	10550	1676	NA
199	K29	K58	Gastriit ja duodeniit e mao- ja kaksteistsõrmikupõletik	Condition	Soole ärritussündroom e -haigustunnustik	Condition	864	1741	1.87437714180575e-93	*	1.68106956898193	1741	55.7507179781735	773	172	1.01938442230561e-79	*	25830	5198	1036	NA
200	K29	K59	Gastriit ja duodeniit e mao- ja kaksteistsõrmikupõletik	Condition	Muud soole talitlushäired	Condition	893	2316	5.08993567953747e-63	*	1.42442336487087	2316	60.052677029361	1300	223	1.9729500184794e-61	*	25830	10248	1626	NA
201	K29	K80	Gastriit ja duodeniit e mao- ja kaksteistsõrmikupõletik	Condition	Kolelitiaas e sapikivitõbi	Condition	840	1628	1.12413362171703e-23	*	1.28400966689324	1628	63.5976658476658	1305	350	9.31998403696375e-09	*	25830	6916	1268	NA
202	K29	M42	Gastriit ja duodeniit e mao- ja kaksteistsõrmikupõletik	Condition	Spinaal- e lülisamba osteokondroos	Condition	917	2026	3.27582436646124e-17	*	1.20239564285305	2026	62.3218163869694	1748	80	4.02650697164853e-06	*	25830	8687	1685	NA
203	K29	M51	Gastriit ja duodeniit e mao- ja kaksteistsõrmikupõletik	Condition	Muude lülivaheketaste haigusseisundid	Condition	919	2314	1.24375462802445e-10	*	1.13714771419667	2314	59.3124459809853	2050	83	3.74824340671836e-05	*	25830	11665	2035	NA
204	K29	N30	Gastriit ja duodeniit e mao- ja kaksteistsõrmikupõletik	Condition	Tsüstiit e kusepõiepõletik	Condition	901	3621	5.26781058020588e-13	*	1.11857956021121	3621	59.6556199944767	3227	129	1.33831097124357e-06	*	25830	22495	3237	NA
205	K29	R07	Gastriit ja duodeniit e mao- ja kaksteistsõrmikupõletik	Condition	Kurgu- ja rindkerevalu	Condition	1068	1856	6.30624789906563e-10	*	1.14948679763667	1856	56.2462284482759	1110	92	4.54609096218967e-42	*	25830	9217	1615	NA
206	K29	R10	Gastriit ja duodeniit e mao- ja kaksteistsõrmikupõletik	Condition	Kõhu- ja vaagnapiirkonna valu	Condition	916	4073	1.82285602702248e-49	*	1.24801456281406	4073	55.2835747606187	3463	463	4.43703442429894e-12	*	25830	24514	3264	NA
207	K29	R51	Gastriit ja duodeniit e mao- ja kaksteistsõrmikupõletik	Condition	Peavalu; Teisiti täpsustamata näovalu	Condition	993	1813	1.1011294971635e-23	*	1.26553673267121	1813	51.4969663541092	1320	56	1.27784883330766e-18	*	25830	10473	1433	NA
208	K29	R52	Gastriit ja duodeniit e mao- ja kaksteistsõrmikupõletik	Condition	Mujal klassifitseerimata valu	Condition	1031	1533	7.38456149123989e-19	*	1.25464699832015	1533	62.8369210697978	739	32	7.65974735798162e-63	*	25830	5065	1222	NA
209	L20	H10	Atoopiline dermatiit e nahapõletik	Condition	Konjunktiviit e sidekestapõletik	Condition	737	3070	6.93076310400214e-17	*	1.14177585790412	3070	15.6442996742671	2033	135	3.68228020587426e-47	*	12038	31282	2689	NA
210	L20	J30	Atoopiline dermatiit e nahapõletik	Condition	Vasomotoorne ja allergiline riniit	Condition	911	2155	5.46731593034502e-25	*	1.23277415485255	2155	18.3828306264501	1324	205	4.03629124201176e-43	*	12038	23915	1748	NA
211	L23	B35	Allergiline kontaktdermatiit	Condition	Dermatofütoos e nahaseenhaigustu[mu]s	Condition	847	1929	1.5405215645279e-24	*	1.25869702455154	1929	53.3919129082426	1533	234	3.92791191835449e-11	*	20939	14580	1533	NA
212	L23	L30	Allergiline kontaktdermatiit	Condition	Muud dermatiidid	Condition	822	2763	1.24676468621269e-84	*	1.44925506980249	2763	46.290626131017	1816	257	1.28063298024862e-42	*	20939	16327	1906	NA
213	M15	I50	Polüartroos	Condition	Südamepuudulikkus	Condition	888	2644	4.73961149769089e-10	*	1.11588555478699	2644	76.4595310136157	2153	228	2.29407149560406e-12	*	13954	15886	2369	NA
214	M15	M16	Polüartroos	Condition	Koksartroos e puusaliigese artroos	Condition	902	2146	4.5893548637987e-29	*	1.26100058787062	2146	70.7241379310345	1609	162	4.84808093132161e-18	*	13954	10018	1702	NA
215	M15	M19	Polüartroos	Condition	Muud artroosid	Condition	925	1822	2.29196085815459e-23	*	1.25374819695232	1822	67.6031833150384	1224	75	3.40754137251847e-27	*	13954	9267	1453	NA
216	M15	M47	Polüartroos	Condition	Spondüloos e lülijäikus	Condition	890	1731	2.14159324975034e-24	*	1.26985332421115	1731	69.684575389948	1195	208	4.86084735909078e-22	*	13954	8050	1363	NA
217	M15	M51	Polüartroos	Condition	Muude lülivaheketaste haigusseisundid	Condition	890	1631	2.70604237826385e-15	*	1.20787928972715	1631	66	1260	121	8.37758333895037e-12	*	13954	11665	1350	NA
218	M15	M75	Polüartroos	Condition	Õlakahjustused	Condition	955	1919	4.38229961644388e-24	*	1.24990524671974	1919	67.2704533611256	1274	167	3.1404224484062e-29	*	13954	12163	1535	NA
219	M15	M79	Polüartroos	Condition	Pehmete kudede mujal klassifitseerimata muud haigusseisundid	Condition	983	2158	1.77562894797659e-10	*	1.13596313993153	2158	67.4935125115848	1449	127	1.3244428499464e-31	*	13954	19864	1900	NA
220	M16	W01	Koksartroos e puusaliigese artroos	Condition	Libisemise ja komistamisega seotud kukkumine samal tasapinnal	Condition	1008	1484	9.48806589761012e-06	*	1.1103485998724	1484	70.5404312668464	1058	36	2.44529988871784e-17	*	10018	25919	1337	NA
221	M17	I83	Gonartroos e põlveliigese artroos	Condition	Alajäsemete vaariksid e veenikomud	Condition	927	1489	7.10204871191099e-11	*	1.17821277221894	1489	67.558764271323	1114	163	4.63153145656787e-13	*	17528	8056	1264	NA
222	M17	M16	Gonartroos e põlveliigese artroos	Condition	Koksartroos e puusaliigese artroos	Condition	880	2465	7.64964777948173e-48	*	1.33159673401162	2465	68.7586206896552	1794	676	6.36005042700549e-22	*	17528	10018	1851	NA
223	M17	M19	Gonartroos e põlveliigese artroos	Condition	Muud artroosid	Condition	931	2125	1.39536762487418e-31	*	1.28183435636747	2125	66.6155294117647	1514	224	3.9843337075081e-23	*	17528	9267	1658	NA
224	M17	M21	Gonartroos e põlveliigese artroos	Condition	Muud jäsemete omandatud deformsused	Condition	912	1513	1.51423922779208e-24	*	1.29974427304104	1513	64.5631196298744	866	174	4.05225135173172e-38	*	17528	10627	1164	NA
225	M17	M23	Gonartroos e põlveliigese artroos	Condition	Põlveliigese sisemised kahjustused	Condition	515	1622	2.3727315906286e-233	*	2.47111591549505	1622	57.8008631319359	1006	526	2.24007905799019e-28	*	17528	6674	656	NA
226	M17	M42	Gonartroos e põlveliigese artroos	Condition	Spinaal- e lülisamba osteokondroos	Condition	861	1694	5.5935973603604e-13	*	1.18493826108663	1694	66.7361275088548	1354	227	1.37057933236597e-09	*	17528	8687	1430	NA
227	M17	M47	Gonartroos e põlveliigese artroos	Condition	Spondüloos e lülijäikus	Condition	876	1967	2.28003206372514e-33	*	1.30731575351208	1967	68.2735129639044	1266	265	9.75019968553535e-33	*	17528	8050	1505	NA
228	M17	M75	Gonartroos e põlveliigese artroos	Condition	Õlakahjustused	Condition	993	2144	7.80821078052343e-17	*	1.18844080879101	2144	65.6511194029851	1626	148	6.61582959130132e-17	*	17528	12163	1804	NA
229	M25	M19	Liigeste mujal klassifitseerimata muud haigusseisundid	Condition	Muud artroosid	Condition	780	1934	5.56630869345844e-43	*	1.37273376988111	1934	59.4172699069286	1416	287	3.85815315961316e-18	*	25163	9267	1409	NA
230	M25	M21	Liigeste mujal klassifitseerimata muud haigusseisundid	Condition	Muud jäsemete omandatud deformsused	Condition	771	1884	1.20234250799224e-51	*	1.42783014769925	1884	47.5552016985138	1443	300	1.28857402528321e-13	*	25163	10627	1319	NA
231	M25	M23	Liigeste mujal klassifitseerimata muud haigusseisundid	Condition	Põlveliigese sisemised kahjustused	Condition	608	1869	4.24799042786194e-165	*	1.98733741289244	1869	45.1396468699839	1228	232	4.65166505976218e-29	*	25163	6674	940	NA
232	M25	M70	Liigeste mujal klassifitseerimata muud haigusseisundid	Condition	Rakenduse, ülepingutuse ja survega seotud pehmete kudede haigusseisundid	Condition	846	1801	1.84921662213549e-54	*	1.4569879611724	1801	50.3792337590228	1376	263	2.004137808151e-13	*	25163	8287	1236	NA
233	M25	M75	Liigeste mujal klassifitseerimata muud haigusseisundid	Condition	Õlakahjustused	Condition	789	2459	1.63447752701551e-60	*	1.39586473831142	2459	55.4091093940626	2021	232	9.41189499296917e-11	*	25163	12163	1762	NA
234	M25	M77	Liigeste mujal klassifitseerimata muud haigusseisundid	Condition	Muud entesopaatiad	Condition	851	2165	5.55818802258798e-43	*	1.3458790129548	2165	51.2729792147806	1743	262	3.40180092510204e-11	*	25163	10371	1609	NA
235	M25	R05	Liigeste mujal klassifitseerimata muud haigusseisundid	Condition	Köha	Condition	1064	1572	2.24790173959073e-07	*	1.13442040223839	1572	50.1812977099237	1183	25	9.7932376682652e-14	*	25163	10710	1386	NA
236	M25	R07	Liigeste mujal klassifitseerimata muud haigusseisundid	Condition	Kurgu- ja rindkerevalu	Condition	1003	1630	6.71245251270638e-07	*	1.12559656221227	1630	49.1736196319018	1236	49	1.78010352978402e-13	*	25163	9217	1448	NA
237	M51	R10	Muude lülivaheketaste haigusseisundid	Condition	Kõhu- ja vaagnapiirkonna valu	Condition	980	1626	1.24022733155515e-08	*	1.14068811813778	1626	56.1223862238622	1404	23	2.91639231386633e-05	*	11665	24514	1425	NA
238	M51	W01	Muude lülivaheketaste haigusseisundid	Condition	Libisemise ja komistamisega seotud kukkumine samal tasapinnal	Condition	1002	1530	2.63927551078872e-07	*	1.1302651045502	1530	58.4915032679739	1133	14	8.76767564445544e-15	*	11665	25919	1354	NA
239	M54	F45	Dorsalgia e seljavalu	Condition	Somatoformsed häired	Condition	847	2382	1.39260453321421e-06	*	1.10008632532151	2382	50.9223341729639	2062	112	1.13425145582204e-06	*	50830	7678	2165	NA
240	M54	G44	Dorsalgia e seljavalu	Condition	Muud peavalusündroomid	Condition	948	3233	1.87453920403536e-10	*	1.1148278173546	3233	50.1274358181256	2103	218	1.71569610465121e-52	*	50830	8927	2900	NA
241	M54	G56	Dorsalgia e seljavalu	Condition	Ülajäseme mononeuropaatiad	Condition	1015	3300	1.20079012336473e-19	*	1.16842136601708	3300	55.0539393939394	1708	280	4.86589232708173e-108	*	50830	7117	2824	NA
242	M54	M16	Dorsalgia e seljavalu	Condition	Koksartroos e puusaliigese artroos	Condition	920	4271	2.32510550975246e-25	*	1.16853021198343	4271	64.9044720206041	2303	533	3.82086523124473e-122	*	50830	10018	3655	NA
243	M54	M19	Dorsalgia e seljavalu	Condition	Muud artroosid	Condition	1040	4138	1.92348639542568e-11	*	1.10544840069475	4138	61.4915418076365	2111	192	2.74572649936596e-143	*	50830	9267	3743	NA
244	M54	M41	Dorsalgia e seljavalu	Condition	Skolioos e vildakselgsus	Condition	804	2788	5.94511978067093e-77	*	1.43859124737971	2788	51.3159971305595	1079	910	4.14063697404088e-138	*	50830	6668	1938	NA
245	M54	M42	Dorsalgia e seljavalu	Condition	Spinaal- e lülisamba osteokondroos	Condition	842	4352	3.8090594230697e-76	*	1.32480741291095	4352	59.4122242647059	1858	979	1.9495947855362e-194	*	50830	8687	3285	NA
246	M54	M47	Dorsalgia e seljavalu	Condition	Spondüloos e lülijäikus	Condition	846	4269	2.22989382887774e-83	*	1.34815497458434	4269	62.4349964862966	1618	621	1.02473253991225e-243	*	50830	8050	3167	NA
247	M54	M48	Dorsalgia e seljavalu	Condition	Muud spondülopaatiad	Condition	895	2429	5.28590081261906e-72	*	1.46029983137358	2429	64.4582132564841	561	150	2.09509269418279e-260	*	50830	3621	1663	NA
248	M54	M50	Dorsalgia e seljavalu	Condition	Tservikaaldiskide e kaela lülivaheketaste haigusseisundid	Condition	918	2258	4.511318570631e-25	*	1.24572306354049	2258	55.7444641275465	1094	162	1.34387188022502e-87	*	50830	4414	1813	NA
249	M54	M51	Dorsalgia e seljavalu	Condition	Muude lülivaheketaste haigusseisundid	Condition	717	6958	0	*	1.65224984292686	6958	53.8640413912044	2450	583	0	*	50830	11665	4211	NA
250	M54	M70	Dorsalgia e seljavalu	Condition	Rakenduse, ülepingutuse ja survega seotud pehmete kudede haigusseisundid	Condition	1044	3412	8.71183134359248e-12	*	1.1201855529686	3412	53.8745603751465	1692	186	5.00236440461395e-126	*	50830	8287	3046	NA
251	M54	M75	Dorsalgia e seljavalu	Condition	Õlakahjustused	Condition	1047	5226	4.14826569059352e-22	*	1.13734241022904	5226	58.1706850363567	2772	298	1.9532744873613e-162	*	50830	12163	4595	NA
252	M54	M77	Dorsalgia e seljavalu	Condition	Muud entesopaatiad	Condition	1052	4443	1.25039302802059e-12	*	1.10761177375515	4443	53.8982669367544	2290	236	3.18283235827008e-149	*	50830	10371	4011	NA
253	M54	M79	Dorsalgia e seljavalu	Condition	Pehmete kudede mujal klassifitseerimata muud haigusseisundid	Condition	965	7073	1.07761485535158e-20	*	1.10960598687394	7073	53.7183656157218	4415	503	1.60478191569377e-131	*	50830	19864	6374	NA
254	M54	R52	Dorsalgia e seljavalu	Condition	Mujal klassifitseerimata valu	Condition	1102	2855	2.69371398498681e-26	*	1.21969556390274	2855	59.0451838879159	758	128	4.91612816929672e-273	*	50830	5065	2341	NA
255	M54	T15	Dorsalgia e seljavalu	Condition	Võõrkeha silmas	Condition	997	1480	6.49423727003537e-07	*	1.13526969326296	1480	47.3324324324324	1115	1	4.80573297312624e-13	*	50830	5497	1304	NA
256	M75	M19	Õlakahjustused	Condition	Muud artroosid	Condition	691	1732	2.60982066048078e-140	*	1.88549671627631	1732	62.5756351039261	1240	349	8.10777307477134e-18	*	12163	9267	919	NA
257	M79	M77	Pehmete kudede mujal klassifitseerimata muud haigusseisundid	Condition	Muud entesopaatiad	Condition	915	1671	6.20462815858445e-28	*	1.30709786340043	1671	52.5194494314782	1445	149	4.39771206867549e-05	*	19864	10371	1278	NA
258	N30	K30	Tsüstiit e kusepõiepõletik	Condition	Düspepsia e seedehäire; Seedimatus	Condition	952	1626	1.56171873076343e-05	*	1.1067473081318	1626	53.2644526445264	1363	37	1.02978906108939e-06	*	22495	10550	1469	NA
259	N30	N39	Tsüstiit e kusepõiepõletik	Condition	Kuseelundite muud haigusseisundid	Condition	849	3928	2.1117482051999e-124	*	1.44950475571931	3928	55.8273930753564	2538	314	1.38391824901582e-64	*	22495	16166	2710	NA
260	N30	R10	Tsüstiit e kusepõiepõletik	Condition	Kõhu- ja vaagnapiirkonna valu	Condition	887	3682	1.13280221774772e-11	*	1.10822588097105	3682	46.2444323737099	3109	249	4.9140387736668e-12	*	22495	24514	3322	NA
261	N30	Z32	Tsüstiit e kusepõiepõletik	Condition	Rasedusläbivaatus ja -testimine	Condition	955	1593	2.97730642696507e-18	*	1.24230936345797	1593	29.3515379786566	940	6	5.23690843987595e-39	*	22495	7263	1282	NA
262	N40	H25	Prostatahüperplaasia e eesnäärmesuurenemus; Adenofibromatoosne prostatahüpertroofia; (Healoomuline) prostataadenoom; Prostata healoomuline suurenemus; Prostatafibroadenoom; Prostatamüoom; Prostatakaela fibroos {median ba	Condition	Seniilkatarakt e raukuskae	Condition	988	1708	6.85047374258494e-07	*	1.11285006864287	1708	72.5843091334895	990	9	6.96433897068086e-44	*	8614	16046	1535	NA
263	N40	H52	Prostatahüperplaasia e eesnäärmesuurenemus; Adenofibromatoosne prostatahüpertroofia; (Healoomuline) prostataadenoom; Prostata healoomuline suurenemus; Prostatafibroadenoom; Prostatamüoom; Prostatakaela fibroos {median ba	Condition	Refraktsiooni- ja akommodatsioonihäired	Condition	886	1628	9.54947734736123e-07	*	1.11479915243044	1628	68.2149877149877	1274	4	2.76015674997476e-11	*	8614	34977	1460	NA
264	N40	N41	Prostatahüperplaasia e eesnäärmesuurenemus; Adenofibromatoosne prostatahüpertroofia; (Healoomuline) prostataadenoom; Prostata healoomuline suurenemus; Prostatafibroadenoom; Prostatamüoom; Prostatakaela fibroos {median ba	Condition	Eesnäärme põletikulised haigused	Condition	554	1554	3.79931923944482e-148	*	1.98351665119586	1554	64.6055341055341	835	268	6.23000765492794e-45	*	8614	5327	783	NA
265	N76	N92	Tupe ja häbeme muu põletik	Condition	Rohke, sage ja korratu menstruatsioon	Condition	981	1627	1.52701002810194e-07	*	1.12914840480258	1627	36.7664413030117	1142	218	3.49317914563978e-19	*	12747	7146	1441	NA
266	N76	Z32	Tupe ja häbeme muu põletik	Condition	Rasedusläbivaatus ja -testimine	Condition	924	1642	1.65667211284492e-14	*	1.19856500265926	1642	30.3270401948843	1193	56	3.45186511759679e-17	*	12747	7263	1370	NA
267	N95	B35	Menopausi ja muud perimenopausaalsed haigusseisundid	Condition	Dermatofütoos e nahaseenhaigustu[mu]s	Condition	975	1494	2.99302950216219e-09	*	1.15554101479621	1494	63.2710843373494	1003	7	3.64863551923232e-23	*	11485	14580	1293	NA
268	N95	H25	Menopausi ja muud perimenopausaalsed haigusseisundid	Condition	Seniilkatarakt e raukuskae	Condition	1035	2158	2.14159520510209e-09	*	1.12389107595534	2158	67.8109360518999	1400	4	1.96284319666053e-37	*	11485	16046	1920	NA
269	N95	R10	Menopausi ja muud perimenopausaalsed haigusseisundid	Condition	Kõhu- ja vaagnapiirkonna valu	Condition	1002	2014	7.98004205802304e-08	*	1.11461311072054	2014	62.7850049652433	1403	331	7.44169418627946e-24	*	11485	24514	1807	NA
270	O99	O80	Ema mujal klassifitseeritud kuid rasedust, sünnitust ja sünnitusjärgse perioodi tüsistavad muud haigused	Condition	Iseeneslik e spontaanne üksiksünnitus	Condition	248	2016	0	*	2.72359101064336	2016	29.9166666666667	350	381	2.3214436896099e-237	*	4523	5395	740	NA
271	R10	K58	Kõhu- ja vaagnapiirkonna valu	Condition	Soole ärritussündroom e -haigustunnustik	Condition	718	1483	6.14225641919656e-114	*	1.89014495750135	1483	47.4949426837492	865	103	1.98255925145282e-36	*	24514	5198	785	NA
272	R10	K59	Kõhu- ja vaagnapiirkonna valu	Condition	Muud soole talitlushäired	Condition	668	2181	4.60117573932581e-123	*	1.69949239087548	2181	42.9651535992664	1640	396	4.15165119632544e-17	*	24514	10248	1283	NA
273	R10	N39	Kõhu- ja vaagnapiirkonna valu	Condition	Kuseelundite muud haigusseisundid	Condition	921	2523	3.04574598327351e-20	*	1.19504624294078	2523	48.8755449861276	1981	252	2.03003073652398e-15	*	24514	16166	2111	NA
274	R10	R05	Kõhu- ja vaagnapiirkonna valu	Condition	Köha	Condition	1051	1621	1.42771235936411e-08	*	1.14636283173488	1621	41.2442936458976	1300	25	2.01628148898727e-09	*	24514	10710	1414	NA
275	R10	R07	Kõhu- ja vaagnapiirkonna valu	Condition	Kurgu- ja rindkerevalu	Condition	1020	1787	1.09927671329002e-36	*	1.35402560214726	1787	45.9871292669278	1299	50	1.46893686899557e-18	*	24514	9217	1320	NA
276	R10	R51	Kõhu- ja vaagnapiirkonna valu	Condition	Peavalu; Teisiti täpsustamata näovalu	Condition	958	1985	7.93297168236426e-29	*	1.28339344524554	1985	37.0503778337531	1749	67	6.43143926421745e-05	*	24514	10473	1547	NA
277	R29	B34	Närvisüsteemi ning lihasluukonnaga seotud muud sümptomid ja tunnused	Condition	Täpsustamata paikme viirusnakkus	Condition	576	2193	6.57380191410209e-33	*	1.21078684637398	2193	2.95987232102143	416	15	6.73116114190407e-289	*	4310	35765	1811	NA
278	R29	H65	Närvisüsteemi ning lihasluukonnaga seotud muud sümptomid ja tunnused	Condition	Mädata keskkõrvapõletik	Condition	602	1841	6.67803976376019e-08	*	1.100250127424	1841	2.63932645301467	370	8	3.74023722803252e-233	*	4310	21000	1673	NA
279	R29	J00	Närvisüsteemi ning lihasluukonnaga seotud muud sümptomid ja tunnused	Condition	Äge nasofarüngiit e nina-neelupõletik [tavaline nohu]	Condition	404	2031	2.34652204124864e-53	*	1.31381091612458	2031	2.22255046774988	751	36	2.72502972179134e-133	*	4310	28463	1546	NA
280	R29	J06	Närvisüsteemi ning lihasluukonnaga seotud muud sümptomid ja tunnused	Condition	Ülemiste hingamisteede hulgi ja täpsustamata paikmega ägedad nakkused	Condition	510	2224	4.36193832664863e-22	*	1.16114886368051	2224	2.93480215827338	691	23	3.65430308975632e-185	*	4310	56742	1915	NA
281	R51	G44	Peavalu; Teisiti täpsustamata näovalu	Condition	Muud peavalusündroomid	Condition	420	1967	0	*	3.45554651786322	1967	38.4331469242501	1085	112	2.66271717871202e-56	*	10473	8927	569	NA
282	Z23	B34	Immuniseerimise vajadus üksiku bakterhaiguse vastu	Condition	Täpsustamata paikme viirusnakkus	Condition	614	6108	3.69943984655442e-55	*	1.1562713345191	6108	2.42648984937787	807	31	0	*	11530	35765	5282	NA
283	Z23	H65	Immuniseerimise vajadus üksiku bakterhaiguse vastu	Condition	Mädata keskkõrvapõletik	Condition	619	5463	1.12516996460237e-23	*	1.10643337651169	5463	2.43016657514186	771	25	0	*	11530	21000	4937	NA
284	Z23	J00	Immuniseerimise vajadus üksiku bakterhaiguse vastu	Condition	Äge nasofarüngiit e nina-neelupõletik [tavaline nohu]	Condition	432	5722	2.46608203282712e-117	*	1.26727002306102	5722	1.78311779098217	1836	93	0	*	11530	28463	4515	NA
285	Z23	J06	Immuniseerimise vajadus üksiku bakterhaiguse vastu	Condition	Ülemiste hingamisteede hulgi ja täpsustamata paikmega ägedad nakkused	Condition	521	6628	3.65970411616358e-99	*	1.20218136218375	6628	2.21107423053712	1329	53	0	*	11530	56742	5513	NA
286	Z23	L20	Immuniseerimise vajadus üksiku bakterhaiguse vastu	Condition	Atoopiline dermatiit e nahapõletik	Condition	456	2777	2.19462136443679e-17	*	1.1546855795203	2777	1.9074540871444	975	123	9.33283497380165e-192	*	11530	12038	2405	NA
287	Z23	R29	Immuniseerimise vajadus üksiku bakterhaiguse vastu	Condition	Närvisüsteemi ning lihasluukonnaga seotud muud sümptomid ja tunnused	Condition	176	1815	4.58605943967406e-76	*	1.54415265791568	1815	0.834159779614325	1048	193	2.68095703913409e-44	*	11530	4310	1175	NA
288	Z32	D50	Rasedusläbivaatus ja -testimine	Condition	Rauavaegusaneemia	Condition	448	1765	2.06611072859503e-167	*	1.94679714282401	1765	30.6957507082153	762	29	7.17296889578944e-90	*	7263	14654	907	NA
289	Z32	O23	Rasedusläbivaatus ja -testimine	Condition	Rasedusaegsed kuse-suguelundite nakkused	Condition	374	1594	2.5699585757783e-296	*	2.73766091690957	1594	29.7728983688833	248	116	4.49583892070041e-223	*	7263	2668	582	NA
290	Z32	O70	Rasedusläbivaatus ja -testimine	Condition	Sünnitusaegne lahkliharebend	Condition	404	2488	0	*	2.7189991309659	2488	30.0269292604502	309	1	0	*	7263	3891	915	NA
291	Z32	O80	Rasedusläbivaatus ja -testimine	Condition	Iseeneslik e spontaanne üksiksünnitus	Condition	412	3488	0	*	2.76794741556038	3488	30.069380733945	397	2	0	*	7263	5395	1260	NA
292	Z32	O99	Rasedusläbivaatus ja -testimine	Condition	Ema mujal klassifitseeritud kuid rasedust, sünnitust ja sünnitusjärgse perioodi tüsistavad muud haigused	Condition	355	2849	0	*	2.74260516120539	2849	30.1070551070551	412	118	0	*	7263	4523	1039	NA
293	W01	S60	Libisemise ja komistamisega seotud kukkumine samal tasapinnal	Condition	Pindmine randme- ja käevigastus	Condition	888	1578	6.08254081205885e-18	*	1.24198785536917	1578	30.0602027883397	1214	1319	6.70650389081356e-09	*	25919	9576	1271	NA
